longvolume,shortvolume,change_2,change2,change_10,change_3,change,volume,change2x100,change_2x100,change_10x100,change_3x100,changex100,change_true,volume_t,change_2x1000
31.46,-0.00779,0.116565,0.063446,0.234451,0.144677,0.067182,31.451604,6.344589,11.656464,23.445134,14.467696,6.718152,0,331,417
0,-31.89468,0.148568,0.00351,0.088228,-0.000224,-0.063629,-31.89468,0.350961,14.856832,8.822785,-0.022364,-6.362917,0,331,449
87.66,0,-0.029262,0.116565,0.244858,0.183824,0.180291,87.658146,11.656464,-2.926178,24.485843,18.382448,18.02913,1,331,271
14.35,-30.84308,0.074655,0.148551,0.241087,0.084845,-0.031683,-16.490535,14.855109,7.465494,24.108692,8.484462,-3.168309,1,331,375
14.18,-32.00302,0.054435,-0.029262,0.122556,0.150977,0.002405,-17.827127,-2.926178,5.443529,12.255642,15.097676,0.24049,0,331,354
52.79,0,0.014367,0.074638,0.276968,0.042948,0.072231,52.785372,7.463775,1.436714,27.696759,4.294819,7.223111,0,331,314
39.74,-16.977,-0.099077,0.054435,0.184243,0.056841,-0.017783,22.762033,5.443529,-9.907704,18.42434,5.68415,-1.778298,0,331,201
24.65,0,-0.160436,0.014367,0.318882,0.086609,0.032156,24.647278,1.436714,-16.043571,31.888159,8.660863,3.215583,0,331,140
2.26,-41.70037,-0.024643,-0.099077,0.106007,-0.116842,-0.131174,-39.438788,-9.907704,-2.464346,10.600694,-11.68424,-13.117355,0,331,275
9.87,-20.49458,-0.004899,-0.160419,0.080429,-0.128331,-0.029283,-10.622418,-16.041857,-0.489919,8.042859,-12.833147,-2.928344,0,331,295
19.39,-14.32502,0.023137,-0.024643,0.01788,-0.155785,0.004641,5.067353,-2.464346,2.313687,1.788012,-15.578468,0.464134,0,331,323
15.69,-6.42883,-0.017174,-0.004899,0.071996,-0.034181,-0.009523,9.262941,-0.489919,-1.71738,7.19961,-3.41812,-0.95229,0,331,283
21.55,0,-0.080359,0.023154,-0.075456,0.027779,0.03268,21.548622,2.315406,-8.035882,-7.545556,2.777928,3.268008,0,331,220
1.09,-20.99473,-0.017228,-0.017174,-0.093619,-0.026695,-0.048171,-19.902273,-1.71738,-1.722833,-9.361927,-2.669507,-4.817141,0,331,283
5.2,-23.92255,0.001032,-0.078693,-0.126529,-0.047705,-0.032272,-18.722283,-7.869315,0.103195,-12.652898,-4.7705,-3.227247,0,331,301
9.39,-23.44804,-0.013276,-0.018965,-0.185331,-0.065391,0.013312,-14.05912,-1.896459,-1.327601,-18.53309,-6.539144,1.331218,0,331,287
7.15,-11.00008,-0.083329,0.001032,-0.179836,-0.031241,-0.012279,-3.848708,0.103195,-8.332925,-17.983574,-3.124086,-1.227859,0,331,217
27.83,-4.57391,0.010044,-0.013276,-0.212902,3.4E-05,-0.000998,23.25537,-1.327601,1.004433,-21.290172,0.00344,-0.099754,0,331,310
4.55,-25.0542,0.022033,-0.083329,-0.164101,-0.095598,-0.08235,-20.500013,-8.332925,2.20331,-16.410067,-9.559761,-8.234971,0,331,322
30.24,0,-0.093055,0.010027,-0.042528,0.009047,0.092453,30.24075,1.002713,-9.305548,-4.252843,0.904668,9.245297,0,331,207
7.36,-15.2821,-0.063021,0.022033,-0.117472,-0.060335,-0.070389,-7.92314,2.20331,-6.302145,-11.747205,-6.033475,-7.038919,0,331,237
4.35,-15.22983,-0.04281,-0.09309,-0.130652,-0.000689,-0.022717,-10.879789,-9.308984,-4.280993,-13.065154,-0.068853,-2.271663,0,331,257
9.57,-29.71647,0.038298,-0.063021,-0.201863,-0.133366,-0.035031,-20.145151,-6.302145,3.829822,-20.186279,-13.336628,-3.503129,0,331,338
20.55,-3.06666,0.029723,-0.037527,-0.157992,-0.065517,-0.002497,17.484875,-3.752737,2.972319,-15.799241,-6.551684,-0.249696,0,331,330
24.83,0,-0.042639,0.038298,-0.085016,0.003254,0.040796,24.834674,3.829822,-4.263866,-8.501563,0.325352,4.07962,0,331,257
6.73,-23.51015,0.024429,0.029723,-0.109372,0.027225,-0.011086,-16.783585,2.972319,2.442913,-10.937233,2.722549,-1.108571,0,331,324
27.6,-11.98762,0.104395,-0.042656,-0.128649,-0.00186,-0.031556,15.617258,-4.265587,10.439476,-12.864866,-0.185985,-3.155645,0,331,404
23.52,-0.00723,0.098794,0.024446,-0.071721,0.013341,0.056003,23.517684,2.444635,9.879419,-7.172061,1.334072,5.600325,0,331,399
20.82,0,-0.005849,0.104378,0.05899,0.072805,0.048364,20.822083,10.437752,-0.584909,5.89902,7.280536,4.836441,1,331,294
19.93,0,-0.03334,0.098811,0.016939,0.154853,0.050423,19.928188,9.881142,-3.334022,1.69395,15.485277,5.042262,1,331,267
3.23,-22.0201,0.055398,-0.005849,0.031098,0.042512,-0.051466,-18.785895,-0.584909,5.539759,3.10977,4.251249,-5.146573,0,331,355
14.76,-5.48935,-0.020124,-0.028562,0.082044,0.017066,0.022916,9.275112,-2.85615,-2.012433,8.204379,1.706559,2.291602,0,331,280
20.03,0,-0.101053,0.055398,0.149628,0.003903,0.032457,20.028528,5.539759,-10.105323,14.962826,0.390335,3.245692,0,331,199
7.06,-19.39659,-0.077107,-0.020142,0.099468,0.002787,-0.052581,-12.339566,-2.014152,-7.710717,9.946765,0.278708,-5.258138,0,331,223
0.15,-20.5599,0.051378,-0.101053,0.010105,-0.068629,-0.048515,-20.41172,-10.105323,5.137809,1.010452,-6.86291,-4.851454,0,331,351
12.22,-40.45547,-0.054406,-0.077124,-0.00742,-0.129648,-0.028624,-28.236368,-7.712436,-5.440577,-0.741998,-12.964801,-2.86237,0,331,246
17.8,-10.68484,-0.049132,0.051378,0.104171,0.002839,0.080025,7.110683,5.137809,-4.913248,10.417086,0.283862,8.00247,0,331,251
0.21,-22.26754,0.078432,-0.054406,-0.08623,-0.083014,-0.13434,-22.055799,-5.440577,7.843175,-8.622979,-8.301391,-13.434016,0,331,378
23,-1.53456,0.018795,-0.04915,-0.049339,0.030853,0.085305,21.465646,-4.914968,1.879518,-4.933882,3.085289,8.530508,0,331,319
3.28,-18.05066,-0.003546,0.078432,-0.101797,-0.056014,-0.006867,-14.769626,7.843175,-0.354586,-10.179657,-5.601377,-0.686747,0,331,296
7.39,-11.30361,-0.067836,0.018795,-0.024705,0.104116,0.025664,-3.91279,1.879518,-6.78358,-2.470526,10.41163,2.566442,0,331,232
2.84,-13.98228,0.02205,-0.003546,-0.076816,-0.010413,-0.029203,-11.13836,-0.354586,2.205049,-7.681644,-1.041308,-2.920278,0,331,322
4.89,-16.53675,0.037764,-0.067836,-0.14784,-0.042189,-0.038627,-11.649469,-6.78358,3.77638,-14.783999,-4.218879,-3.86271,0,331,338
18.14,-4.7814,-0.05872,0.022068,-0.034666,-0.007159,0.060718,13.359648,2.206771,-5.871951,-3.466553,-0.715872,6.071826,0,331,241
2.32,-25.31253,-0.074759,0.037764,-0.009088,-0.000878,-0.022958,-22.989707,3.77638,-7.47589,-0.908798,-0.087789,-2.295774,0,331,225
0,-22.60206,-0.002858,-0.058737,-0.016253,0.001963,-0.035787,-22.602059,-5.873671,-0.285849,-1.625286,0.19631,-3.578719,0,331,297
0,-36.1651,0.031042,-0.074759,-0.135166,-0.097699,-0.039003,-36.165104,-7.47589,3.104221,-13.516592,-9.769948,-3.900288,0,331,331
19.01,-0.00885,0.00694,-0.002876,0.035314,-0.038645,0.036124,19.005577,-0.287571,0.693978,3.53141,-3.864465,3.612403,0,331,307
18.86,-4.3343,0.01233,0.031025,-0.055043,-0.007973,-0.005097,14.522034,3.102498,1.233037,-5.504304,-0.797277,-0.509721,0,331,312
4.34,-11.22457,-0.050848,0.00694,-0.036147,0.043066,0.012055,-6.884004,0.693978,-5.084804,-3.614707,4.306632,1.205483,0,331,249
4.08,-18.43773,-0.026139,0.012348,-0.061503,0.007233,0.000293,-14.358004,1.234759,-2.613854,-6.150308,0.723253,0.029272,0,331,274
0.01,-17.85098,0.011525,-0.050848,-0.083417,-0.038799,-0.051123,-17.845825,-5.084804,1.152545,-8.341663,-3.879934,-5.112341,0,331,312
14.19,-5.3432,0.063917,-0.026121,-0.019803,-0.025846,0.025015,8.849981,-2.612132,6.391665,-1.980318,-2.584589,2.501487,0,331,364
8.26,-8.00257,0.10575,0.011525,-0.093965,-0.039604,-0.013503,0.254535,1.152545,10.574973,-9.396497,-3.960385,-1.350327,0,331,406
25.38,-0.00802,-0.026232,0.063899,0.006335,0.088948,0.077396,25.373766,6.389941,-2.623195,0.633462,8.894751,7.73959,0,331,274
15.12,0,-0.049868,0.105732,0.070446,0.092232,0.028332,15.118605,10.573248,-4.986789,7.044625,9.223217,2.833188,1,331,250
0,-18.0961,0.00792,-0.026215,0.054884,0.051144,-0.054548,-18.096102,-2.621474,0.791986,5.488372,5.114365,-5.454837,0,331,308
11.22,-1.79883,0.05807,-0.049885,0.02342,-0.02155,0.004649,9.422427,-4.988509,5.80705,2.341962,-2.155013,0.464861,0,331,358
17.9,-0.01119,0.012895,0.007903,0.03179,-0.046633,0.003254,17.892792,0.790264,1.289457,3.179031,-4.663283,0.325388,0,331,313
30.36,0,0.021835,0.05807,0.074559,0.062722,0.054815,30.359639,5.80705,2.183477,7.455876,6.272181,5.481484,0,331,322
0,-18.16162,0.118928,0.012895,0.032355,0.016149,-0.04188,-18.161622,1.289457,11.892805,3.235462,1.614887,-4.18801,0,331,419
29.38,-0.00793,-0.022621,0.021852,0.147333,0.076662,0.063742,29.374207,2.185198,-2.262132,14.733277,7.666158,6.374157,0,331,277
55.41,0,-0.037756,0.118911,0.177472,0.076998,0.055151,55.405727,11.891081,-3.775594,17.747158,7.699814,5.515132,1,331,262
6.68,-16.00957,-0.001652,-0.022604,0.113122,0.041106,-0.077695,-9.327798,-2.260413,-0.165182,11.312239,4.110582,-7.76954,0,331,298
39.9,-10.95668,-0.041176,-0.037739,0.075718,0.017375,0.040005,28.938704,-3.773875,-4.117571,7.571808,1.737456,4.000493,0,331,259
6.84,-12.88984,-0.010118,-0.001635,0.005713,-0.079346,-0.041606,-6.052538,-0.163461,-1.011754,0.571295,-7.934594,-4.16057,0,331,290
19.94,-14.56275,-0.03443,-0.041159,0.060725,-0.001187,-0.010048,5.37362,-4.115851,-3.443046,6.072463,-0.118724,-1.004766,0,331,266
13.7,-7.45585,-0.065048,-0.020611,0.045503,-0.051719,-0.010565,6.243513,-2.061147,-6.504793,4.550262,-5.171903,-1.056487,0,331,235
0,-36.55738,0.037609,-0.03443,0.018369,-0.044475,-0.023885,-36.557384,-3.443046,3.760943,1.836917,-4.447466,-2.388532,0,331,338
5.3,-20.08829,0.099771,-0.065065,-0.077583,-0.075606,-0.04119,-14.788927,-6.506512,9.977063,-7.758315,-7.560592,-4.118964,0,331,400
30.29,-5.30004,0.139473,0.037609,0.043068,0.013715,0.078832,24.988871,3.760943,13.947251,4.306816,1.371513,7.883154,0,331,439
20.62,-9.52718,-0.013057,0.099771,0.000275,0.05854,0.020923,11.096205,9.977063,-1.305669,0.027524,5.85399,2.09226,1,331,287
43.22,-1.42506,-0.085979,0.139473,0.063631,0.218414,0.118525,41.793623,13.947251,-8.597932,6.363149,21.8414,11.852511,1,331,214
0,-38.22879,0.040483,-0.013057,0.009842,0.007863,-0.131443,-38.228785,-1.305669,4.048273,0.984207,0.786318,-13.144319,0,331,340
19.68,-5.85033,0.051797,-0.085996,0.015359,0.032444,0.045507,13.831162,-8.599649,5.179708,1.535919,3.244388,4.550651,0,331,352
9.96,-24.86889,0.086728,0.040483,0.041464,-0.091014,-0.005021,-14.910538,4.048273,8.672834,4.146381,-9.101367,-0.50215,0,331,387
39.09,0,0.034153,0.051797,0.108367,0.097327,0.056804,39.094882,5.179708,3.415256,10.836734,9.732716,5.680422,0,331,334
22.13,0,0.073062,0.086711,0.148853,0.081702,0.029873,22.126585,8.671113,7.306155,14.885303,8.170249,2.987274,1,331,373
19.02,-8.03653,0.055309,0.034135,0.177048,0.090976,0.004279,10.983254,3.413537,5.530929,17.704833,9.097618,0.427853,0,331,355
36.83,-3.83961,-0.063719,0.073079,0.287275,0.102956,0.068797,32.986097,7.307874,-6.371906,28.727537,10.295611,6.879726,0,331,236
2.6,-26.73229,-0.0413,0.055309,0.194773,0.05959,-0.013462,-24.136216,5.530929,-4.130019,19.477286,5.959019,-1.346153,0,331,259
4.73,-19.02616,-0.026511,-0.063702,0.123479,0.005034,-0.050264,-14.293992,-6.37019,-2.65107,12.347943,0.503437,-5.02643,0,331,273
19.91,-15.04396,0.052656,-0.041317,0.013883,-0.054756,0.008951,4.86528,-4.131735,5.265587,1.388315,-5.475616,0.895144,0,331,353
0,-25.68557,0.111278,-0.026511,0.110007,-0.076762,-0.035459,-25.685566,-2.65107,11.127821,11.000705,-7.676167,-3.545896,0,331,411
53.07,-2.30165,0.030409,0.052656,0.152674,0.061612,0.088129,50.764632,5.265587,3.040929,15.267412,6.161203,8.812889,0,331,330
48.88,0,0.120167,0.111261,0.180835,0.07578,0.023129,48.877737,11.126101,12.016705,18.08345,7.577979,2.312892,1,331,420
16.32,-28.01212,0.287899,0.030426,0.131248,0.118565,0.007313,-11.691853,3.042647,28.789925,13.124756,11.856498,0.731302,0,331,588
79.18,-4.9046,0.120143,0.120184,0.214339,0.143324,0.112863,74.270634,12.018424,12.014285,21.43391,14.332377,11.286296,1,331,420
68.86,-11.39515,0.031151,0.287899,0.385258,0.295233,0.174839,57.46211,28.789925,3.115147,38.52578,29.523333,17.483896,1,331,331
57.27,-28.93305,-0.034662,0.120143,0.261487,0.233141,-0.057748,28.332957,12.014285,-3.46621,26.148686,23.314141,-5.774821,1,331,265
35.13,-0.00439,-0.031022,0.028001,0.361003,0.206045,0.085799,35.120771,2.800121,-3.102199,36.100308,20.60449,8.579897,0,331,269
0.01,-45.81856,0.042863,-0.034662,0.290621,-0.09239,-0.120375,-45.812727,-3.46621,4.286297,29.062116,-9.23903,-12.037489,0,331,343
31.53,-0.10161,-0.155706,-0.031039,0.37134,0.05475,0.099492,31.430938,-3.10391,-15.570581,37.133988,5.475036,9.94925,0,331,144
0.01,-33.92733,-0.106307,0.052907,0.360198,-0.077564,-0.052492,-33.921408,5.290732,-10.630667,36.019764,-7.756352,-5.249217,0,331,194
5.21,-30.48,0.013217,-0.161653,0.162332,-0.056368,-0.109218,-25.274279,-16.165261,1.321715,16.233173,-5.636823,-10.921777,0,331,313
9.37,-22.85179,-0.04841,-0.106307,0.142106,-0.158743,0.002914,-13.478983,-10.630667,-4.841004,14.210615,-15.874304,0.291429,0,331,252
15.19,-14.46216,-0.0651,0.013217,0.1451,-0.096015,0.01032,0.729184,1.321715,-6.509999,14.509971,-9.601506,1.031971,0,331,235
4.81,-22.72603,0.02233,-0.048393,-0.026525,-0.045497,-0.058707,-17.917107,-4.83929,2.233017,-2.652504,-4.549716,-5.870655,0,331,322
13.12,-9.54047,-0.042296,-0.0651,-0.21054,-0.054787,-0.006397,3.579437,-6.509999,-4.229625,-21.053965,-5.478701,-0.63972,0,331,258
24.33,-2.53193,-0.388187,0.02233,-0.124194,-0.036389,0.028712,21.799486,2.233017,-38.818727,-12.419444,-3.638949,2.871205,0,331,-88
3.45,-29.00565,-0.426024,-0.042313,-0.280687,-0.048691,-0.070988,-25.554347,-4.23134,-42.60242,-28.068653,-4.869074,-7.098792,0,331,-126
2.73,-159.29507,-0.054877,-0.38817,-0.467411,-0.359587,-0.31633,-156.568667,-38.817019,-5.487715,-46.741085,-35.958668,-31.632999,0,331,245
30.75,-82.18321,-0.30124,-0.424948,-0.680601,-0.49671,-0.10898,-51.435194,-42.494777,-30.124022,-68.060114,-49.670969,-10.897966,0,331,-1
30.27,-22.50945,-0.207711,-0.054894,-0.574635,-0.371034,0.054127,7.759541,-5.489435,-20.771072,-57.46348,-37.103354,5.412707,0,331,92
34.21,-166.47841,0.217871,-0.301257,-0.819463,-0.409892,-0.355192,-132.269502,-30.12574,21.787117,-81.946318,-40.989159,-35.519222,0,331,518
70.46,-34.44761,0.141127,-0.207711,-0.675546,-0.153696,0.137899,36.009688,-20.771072,14.112651,-67.554641,-15.369607,13.789914,0,331,441
31.07,-16.07012,-0.040737,0.207756,-0.616513,-0.138095,0.081109,14.995588,20.775605,-4.073724,-61.651305,-13.80949,8.110905,1,331,259
38.67,-7.4976,0.005687,0.152483,-0.487216,0.27922,0.071316,31.176071,15.248294,0.568743,-48.721615,27.922026,7.131605,1,331,306
9.16,-68.06132,0.093378,-0.040737,-0.592302,0.040339,-0.102986,-58.902594,-4.073724,9.337841,-59.230178,4.033876,-10.298622,0,331,393
21.14,0,0.096819,0.014685,-0.503757,0.077008,0.120436,21.140774,1.468523,9.681868,-50.375704,7.700753,12.04358,0,331,397
6.22,-29.45807,0.172034,0.096021,-0.45628,-0.009704,-0.024386,-23.234128,9.60208,17.203385,-45.628048,-0.970397,-2.438562,1,331,472
40.61,0,0.034761,0.096819,-0.019348,0.217371,0.121251,40.607141,9.681868,3.47611,-1.934815,21.737109,12.125113,1,331,335
31.09,-43.47959,-0.117618,0.172051,0.140496,0.147606,0.050738,-12.392499,17.205111,-11.761843,14.049603,14.760627,5.073846,1,331,182
18.38,-28.3519,-0.064954,0.034761,0.070339,0.156054,-0.015986,-9.975298,3.47611,-6.495433,7.033919,15.605438,-1.598647,0,331,235
4.99,-31.52323,0.035904,-0.117636,0.314823,-0.06694,-0.101665,-26.533744,-11.763562,3.590424,31.482275,-6.693965,-10.166541,0,331,336
18.2,-8.02354,-0.024318,-0.064954,0.224858,-0.08093,0.036748,10.179486,-6.495433,-2.431773,22.485796,-8.093042,3.674843,0,331,276
3.48,-24.32946,-0.148922,0.035904,0.142787,-0.065798,-0.000861,-20.844551,3.590424,-14.892155,14.278732,-6.579767,-0.086111,0,331,151
0.02,-119.98073,-0.276483,-0.024335,0.056931,0.012422,-0.023474,-119.962018,-2.433495,-27.648341,5.693113,1.242176,-2.347404,0,331,24
0,-47.33388,-0.217308,-0.148922,0.037045,-0.149781,-0.125477,-47.333877,-14.892155,-21.730784,3.704522,-14.978137,-12.547696,0,331,83
0.01,-66.02479,0.048558,-0.276483,-0.23436,-0.299893,-0.151179,-66.017422,-27.648341,4.855761,-23.43605,-29.989255,-15.117895,0,331,349
20.48,-43.2608,-0.017666,-0.217291,-0.276082,-0.342512,-0.064934,-22.776126,-21.729063,-1.766587,-27.608162,-34.251212,-6.493432,0,331,282
44.03,-13.72088,-0.031251,0.049837,-0.282462,-0.102695,0.114828,30.306222,4.983653,-3.125102,-28.24619,-10.269475,11.482813,0,331,269
22.25,-123.68374,0.168115,-0.017683,-0.464967,-0.082589,-0.132359,-101.429975,-1.768315,16.811473,-46.496701,-8.258872,-13.235929,0,331,468
57.4,-12.53699,0.172677,-0.031251,-0.348265,0.083541,0.101242,44.860429,-3.125102,17.2677,-34.826468,8.354122,10.124228,0,331,473
51.36,-5.24463,0.06676,0.168115,-0.18021,0.035533,0.066805,46.11045,16.811473,6.676023,-18.021032,3.553293,6.680482,1,331,367
40.52,-5.18836,-0.057069,0.172677,-0.111324,0.274094,0.105784,35.327143,17.2677,-5.706898,-11.132423,27.40941,10.578422,1,331,243
22.37,-29.49542,-0.292148,0.066743,-0.149421,0.13361,-0.039,-7.127263,6.674295,-29.214847,-14.942099,13.360965,-3.900001,0,331,8
40.28,-20.85672,-0.201667,-0.057069,-0.14403,0.048655,-0.018076,19.428175,-5.706898,-20.166685,-14.402977,4.865487,-1.807602,0,331,98
2.38,-54.34829,0.209815,-0.292148,-0.29263,-0.331035,-0.274122,-51.969925,-29.214847,20.981529,-29.263,-33.103454,-27.4122,0,331,510
53.7,-7.95172,0.10688,-0.201667,-0.067836,-0.219706,0.072672,45.747287,-20.166685,10.687988,-6.783642,-21.970641,7.267163,0,331,407
55.38,-2.8923,0.024426,0.209833,0.134136,-0.064882,0.137044,52.487842,20.983262,2.442634,13.413612,-6.488187,13.704408,1,331,324
9.29,-25.93359,0.021619,0.106863,-0.01086,0.179629,-0.030157,-16.647591,10.686258,2.161908,-1.086016,17.962918,-3.015746,1,331,322
29.86,-9.23847,-0.015118,0.024409,0.17631,0.161504,0.054566,20.620256,2.440907,-1.511819,17.630955,16.150389,5.456571,0,331,285
12.74,-20.7331,0.099578,0.021602,0.042021,-0.008545,-0.032946,-7.993485,2.16018,9.957817,4.202072,-0.85449,-3.294593,0,331,400
20.49,-10.94721,0.130233,-0.015118,-0.006956,0.039439,0.017834,9.542694,-1.511819,13.02329,-0.695563,3.943926,1.783361,0,331,430
32.73,0,-0.050774,0.099578,-0.030983,0.066599,0.081747,32.73066,9.957817,-5.077436,-3.098276,6.659944,8.174726,1,331,249
30.34,-11.8948,-0.036132,0.13025,0.056488,0.14809,0.04855,18.440369,13.025018,-3.613163,5.648756,14.808973,4.854957,1,331,264
2.4,-37.08387,0.064656,-0.050688,-0.024687,0.030931,-0.09919,-34.680609,-5.068817,6.465631,-2.468651,3.09314,-9.918959,0,331,365
21.65,-0.00506,-0.06753,-0.036132,0.313417,0.0124,0.063121,21.642451,-3.613163,-6.752986,31.341694,1.240041,6.312057,0,331,232
17.8,-15.96703,-0.124659,0.064656,0.242092,-0.034597,0.001535,1.828406,6.465631,-12.465932,24.209162,-3.459741,0.153477,0,331,175
0.01,-38.53921,-0.062226,-0.06753,0.03575,-0.004452,-0.069046,-38.532867,-6.752986,-6.222606,3.575048,-0.445192,-6.904634,0,331,238
19,-26.32709,0.029058,-0.124642,0.01024,-0.123126,-0.055634,-7.324876,-12.464209,2.905844,1.02397,-12.312646,-5.563417,0,331,329
0,-43.35587,0.029768,-0.062226,-0.050894,-0.131229,-0.006613,-43.355866,-6.222606,2.976831,-5.089447,-13.122943,-0.661282,0,331,330
17.74,-11.21893,-0.072875,0.029041,0.017695,-0.026592,0.035656,6.517881,2.904117,-7.287529,1.76955,-2.659189,3.565635,0,331,227
10.81,-16.0054,-0.149695,0.029768,-0.006007,0.023154,-0.005869,-5.19439,2.976831,-14.969486,-0.600677,2.315352,-0.586869,0,331,150
4.99,-23.10132,-0.035445,-0.072858,-0.154531,-0.037245,-0.066993,-18.112483,-7.285804,-3.544509,-15.45308,-3.724492,-6.699328,0,331,265
4.53,-30.3027,0.027453,-0.149695,-0.285571,-0.155555,-0.082757,-25.770594,-14.969486,2.745293,-28.557086,-15.555477,-8.275702,0,331,327
34.6,-0.00458,0.017228,-0.035445,-0.139304,-0.102415,0.047334,34.59843,-3.544509,1.722772,-13.930355,-10.241462,4.733382,0,331,317
9.84,-24.73512,-0.049429,0.027436,-0.222145,-0.055327,-0.019871,-14.894117,2.743564,-4.942937,-22.214497,-5.532681,-1.98715,0,331,251
12.62,-3.51923,-0.009312,0.017245,-0.186618,0.06457,0.037141,9.100932,1.7245,-0.931208,-18.661825,6.45697,3.714116,0,331,291
5.32,-24.65472,0.175371,-0.049412,-0.204072,-0.069291,-0.086521,-19.338504,-4.941209,17.537083,-20.407248,-6.929104,-8.652112,0,331,475
31.57,-6.26626,0.054927,-0.009312,-0.071377,0.027826,0.077259,25.302967,-0.931208,5.492737,-7.137706,2.782563,7.72586,0,331,355
30.97,-4.30968,0.058723,0.175354,0.033187,0.088698,0.098019,26.658832,17.53535,5.872285,3.318717,8.869797,9.801918,1,331,359
5,-23.27335,0.139082,0.054927,-0.0455,0.132228,-0.04305,-18.269049,5.492737,13.908215,-4.54996,13.22284,-4.304961,0,331,439
29.09,-2.52726,-0.066227,0.058723,0.062143,0.1568,0.101816,26.560187,5.872285,-6.622713,6.21427,15.679958,10.181629,0,331,234
14.7,-19.47996,-0.085896,0.139082,0.166499,0.095973,0.034104,-4.777655,13.908215,-8.589596,16.649862,9.597267,3.410444,1,331,214
0,-33.4837,0.036648,-0.069347,0.14577,0.035522,-0.103417,-33.4837,-6.934742,3.664844,14.57702,3.552173,-10.341659,0,331,337
7.13,-17.8163,-0.001916,-0.085896,0.115963,-0.051821,0.017522,-10.688975,-8.589596,-0.191581,11.596314,-5.182081,1.752151,0,331,298
29.21,0,-0.04528,0.036631,0.155011,-0.066806,0.019124,29.208674,3.663117,-4.52804,15.501121,-6.680605,1.912358,0,331,255
4.45,-20.13066,-0.068712,-0.001899,0.096783,0.015605,-0.021035,-15.682565,-0.189855,-6.871157,9.678341,1.560536,-2.103536,0,331,231
7.49,-10.28365,0.013967,-0.045298,0.159134,-0.026165,-0.024267,-2.790025,-4.529765,1.396663,15.913404,-2.616548,-2.426739,0,331,314
7.85,-12.75769,0.112957,-0.068712,0.037321,-0.089732,-0.044438,-4.903813,-6.871157,11.295721,3.732089,-8.973248,-4.443772,0,331,413
26.59,-2.6654,-0.015156,0.013984,-0.002227,-0.010304,0.058448,23.922524,1.39839,-1.515573,-0.22267,-1.030415,5.844758,0,331,285
23.32,0,-0.015924,0.112957,0.095341,0.068469,0.054478,23.316767,11.295721,-1.592383,9.534052,6.84693,5.447779,1,331,284
0,-26.43472,0.02158,-0.015156,-0.07918,0.043283,-0.069992,-26.434722,-1.515573,2.158034,-7.918027,4.328299,-6.999213,0,331,322
20.97,-19.32806,0.09121,-0.016321,-0.059598,0.038545,0.053709,1.644368,-1.632057,9.120996,-5.959776,3.854528,5.370915,0,331,391
19.66,-9.81716,0.118425,0.02158,0.011721,-0.048427,-0.032112,9.842917,2.158034,11.842462,1.172129,-4.842689,-3.211156,0,331,418
29.57,-1.60414,0.077697,0.09121,0.117572,0.144968,0.123361,27.96169,9.120996,7.769744,11.757205,14.496809,12.336113,1,331,378
32.54,-10.40648,0.150334,0.118425,0.093477,0.086275,-0.00493,22.136652,11.842462,15.033394,9.347709,8.627502,-0.493043,1,331,450
20.59,-0.85069,-0.076156,0.077697,0.197263,0.201154,0.082632,19.741943,7.769744,-7.615569,19.726314,20.115442,8.263195,0,331,224
28.53,-2.68866,-0.09275,0.150334,0.289398,0.145396,0.067646,25.837532,15.033394,-9.275039,28.93976,14.539609,6.76461,1,331,207
0,-28.8644,0.09878,-0.076156,0.189799,0.006413,-0.143017,-28.864404,-7.615569,9.877961,18.97992,0.641333,-14.301699,0,331,399
21.18,-0.00305,0.037459,-0.092062,0.182369,-0.025167,0.046112,21.177903,-9.206245,3.745853,18.236939,-2.516704,4.611213,0,331,337
15.19,-11.14534,-0.050323,0.093862,0.175213,-0.044379,0.047728,4.046821,9.386188,-5.032272,17.521323,-4.437865,4.772775,1,331,250
2.23,-16.04489,-0.067069,0.037459,0.235088,0.083588,-0.010282,-13.814221,3.745853,-6.70694,23.50876,8.358793,-1.028154,0,331,233
0.63,-22.80048,0.01935,-0.05034,0.141146,-0.002619,-0.04008,-22.173665,-5.033994,1.935006,14.114594,-0.2619,-4.007973,0,331,319
19.35,-12.57228,0.026956,-0.067087,0.146249,-0.077344,-0.027,6.777553,-6.708662,2.695607,14.624862,-7.734405,-2.700049,0,331,327
20.57,-0.01304,-0.044946,0.019367,0.06925,-0.020737,0.04638,20.553149,1.936729,-4.494616,6.925019,-2.073743,4.63803,0,331,255
2.16,-18.7415,0.060738,0.026956,0.054755,-5.2E-05,-0.019415,-16.585602,2.695607,6.07382,5.475466,-0.00517,-1.941522,0,331,361
4.31,-12.72457,0.016804,-0.044946,-0.053383,0.001413,-0.025553,-8.411593,-4.494616,1.680422,-5.338305,0.14133,-2.555312,0,331,317
26.83,0,0.006854,0.060721,-0.034067,0.041311,0.086313,26.832698,6.072096,0.685365,-3.406724,4.131119,8.631338,0,331,307
7.97,-16.77675,0.110028,0.016821,0.034683,-0.008753,-0.069432,-8.808552,1.682146,11.002761,3.468321,-0.875319,-6.9432,0,331,410
27.68,-0.00526,0.046801,0.006854,0.064906,0.093173,0.076339,27.671123,0.685365,4.68014,6.490629,9.317295,7.633865,0,331,347
12.94,-7.77043,-0.042586,0.110028,0.050822,0.040519,0.0193,5.169811,11.002761,-4.258561,5.082215,4.051922,1.929979,1,331,257
13.13,-10.31035,-0.064386,0.032436,0.074234,0.123176,0.013134,2.818657,3.243605,-6.438636,7.423448,12.317578,1.313372,0,331,236
1.89,-15.92215,0.079111,-0.042586,0.058602,-0.023294,-0.055712,-14.033328,-4.258561,7.911142,5.860157,-2.329404,-5.571201,0,331,379
0,-21.6198,0.039163,-0.064386,0.076939,-0.051261,-0.008696,-21.619795,-6.438636,3.916303,7.693856,-5.12611,-0.86964,0,331,339
18.2,-7.13243,-0.010703,0.079094,0.118369,0.023355,0.087815,11.06436,7.909418,-1.070274,11.836913,2.335533,8.781545,1,331,289
2.34,-16.37954,0.06201,0.03918,0.089134,0.030463,-0.048627,-14.038782,3.918026,6.200969,8.913438,3.046323,-4.862692,0,331,362
20.57,0,0.064499,-0.010737,0.152686,0.077103,0.037908,20.574596,-1.073715,6.449868,15.268575,7.710331,3.79082,0,331,364
10.75,-14.27714,0.034685,0.06201,0.090423,0.013353,0.024075,-3.531296,6.200969,3.468463,9.042346,1.335261,2.407514,0,331,335
16.88,-8.81903,-0.047311,0.064481,0.200428,0.102431,0.040397,8.056137,6.448146,-4.731096,20.042774,10.243132,4.039659,0,331,253
12.2,-9.86457,-0.063016,0.034685,0.103902,0.058768,-0.005692,2.339775,3.468463,-6.301609,10.390209,5.876813,-0.569245,0,331,237
7.04,-21.7849,0.014023,-0.047294,0.042947,-0.006933,-0.041621,-14.746066,-4.729377,1.402279,4.294709,-0.693349,-4.162088,0,331,314
4.92,-16.55373,-0.011066,-0.063033,0.008382,-0.068705,-0.021439,-11.629364,-6.303328,-1.106575,0.838176,-6.870495,-2.143851,0,331,289
49.98,-8.88555,0.006107,0.014006,0.099587,-0.027604,0.035452,41.094141,1.400558,0.610723,9.958669,-2.760393,3.545169,0,331,306
14.11,-39.55196,-0.024957,-0.011066,0.061758,-0.032502,-0.046518,-25.440809,-1.106575,-2.495662,6.175843,-3.250189,-4.651815,0,331,275
12.47,-0.00358,-0.059864,0.00609,0.02655,0.041561,0.052615,12.470208,0.609002,-5.986439,2.655037,4.156109,5.261544,0,331,240
9.97,-17.91562,0.064714,-0.024974,-0.002393,-0.071463,-0.077548,-7.950531,-2.497383,6.471404,-0.239293,-7.146316,-7.754846,0,331,365
9.54,-12.75727,-0.028453,-0.059864,-0.022612,-0.00728,0.017698,-3.213716,-5.986439,-2.845262,-2.261239,-0.728045,1.76978,0,331,272
13.46,-5.49883,-0.064552,0.064714,0.00031,-0.012885,0.047008,7.959754,6.471404,-6.455176,0.030968,-1.288461,4.700792,0,331,235
0,-22.53308,0.057128,-0.028453,-0.115448,-0.01076,-0.075425,-22.53308,-2.845262,5.712804,-11.54484,-1.075985,-7.542508,0,331,357
18.42,-0.00992,0.037065,-0.064552,-0.09891,-0.017574,0.010864,18.410582,-6.455176,3.706549,-9.890979,-1.757418,1.086431,0,331,337
18.42,0,-0.017139,0.057111,-0.011115,-0.01834,0.046241,18.421913,5.711081,-1.713895,-1.111499,-1.834013,4.624148,0,331,283
9.64,-16.54333,0.068648,0.037065,0.001153,0.047934,-0.009155,-6.902006,3.706549,6.864814,0.115304,4.793383,-0.915454,0,331,369
7.84,-14.14806,0.03184,-0.017122,-0.042269,0.029095,0.002117,-6.310126,-1.712175,3.183985,-4.22689,2.90946,0.211696,0,331,332
48.12,0,0.055376,0.078741,0.080859,0.059487,0.076639,48.120022,7.874077,5.537613,8.085944,5.948731,7.66394,0,331,355
16.87,-17.18566,0.113813,0.031857,-0.016532,0.033957,-0.044748,-0.314468,3.185707,11.381276,-1.653152,3.395749,-4.474804,0,331,414
20.38,-3.90986,0.05593,0.055376,0.161294,0.132058,0.100186,16.472505,5.537613,5.592987,16.129446,13.205797,10.018621,0,331,356
15.12,-7.91176,0.045439,0.11383,0.157221,0.069014,0.01363,7.20849,11.382998,4.543898,15.722093,6.901379,1.363011,1,331,345
38.5,-0.01039,0.050883,0.05593,0.152502,0.156172,0.042294,38.491745,5.592987,5.088251,15.250181,15.617212,4.229399,0,331,351
3.58,-29.14085,0.033428,0.045439,0.231233,0.059075,0.003161,-25.561996,4.543898,3.342817,23.12325,5.907528,0.316083,0,331,333
10.16,-1.76245,-0.108032,0.0509,0.268187,0.093198,0.047737,8.392908,5.089969,-10.803171,26.818679,9.319802,4.773735,0,331,192
20.86,-10.98857,-0.006165,0.033428,0.207526,0.03659,-0.010611,9.867059,3.342817,-0.61648,20.752589,3.659006,-1.061126,0,331,294
0,-29.62938,0.137334,-0.104344,0.132852,-0.060346,-0.093743,-29.625414,-10.434408,13.733421,13.285246,-6.034592,-9.374276,0,331,437
19.34,0,-0.013996,-0.006165,0.218525,-0.016775,0.08766,19.34492,-0.61648,-1.399616,21.852471,-1.677541,8.766013,0,331,286
14.78,-0.11887,-0.033694,0.137334,0.191478,0.043463,0.049613,14.6654,13.733421,-3.369428,19.147758,4.346271,4.961339,1,331,266
4.79,-19.61877,0.017296,-0.014013,0.172603,0.073652,-0.063595,-14.832028,-1.401333,1.729584,17.260314,7.36517,-6.359517,0,331,317
17.93,-0.69802,-0.076632,-0.033694,0.102286,0.015902,0.02992,17.229395,-3.369428,-7.663183,10.228601,1.590239,2.991992,0,331,223
9.9,-12.95177,-0.158263,0.017296,0.076012,-0.04631,-0.01262,-3.049825,1.729584,-15.826306,7.601233,-4.631033,-1.26203,0,331,142
1.58,-14.07643,-0.027975,-0.076632,-0.03032,-0.046735,-0.064037,-12.497796,-7.663183,-2.797497,-3.031993,-4.673484,-6.403677,0,331,272
1.56,-17.13614,0.112401,-0.15828,-0.127752,-0.170863,-0.094304,-15.581067,-15.828021,11.24011,-12.775196,-17.086339,-9.430383,0,331,412
24.11,-0.65612,-0.10717,-0.027975,-0.105443,-0.091994,0.066391,23.449981,-2.797497,-10.716999,-10.544298,-9.199382,6.639147,0,331,193
12.49,-1.80967,-0.055201,0.112401,-0.048906,0.017991,0.044431,10.68342,11.24011,-5.520111,-4.890628,1.799127,4.443146,1,331,245
0,-18.62614,0.092487,-0.108715,-0.108269,-0.04085,-0.153079,-18.626137,-10.871527,9.248704,-10.826886,-4.084967,-15.307871,0,331,392
18.57,-0.00326,0.020353,-0.055201,-0.097939,-0.010794,0.098028,18.561786,-5.520111,2.035301,-9.793879,-1.079418,9.802766,0,331,320
12.73,-4.77903,-0.103335,0.092487,-0.153006,-0.060733,-0.005535,7.95568,9.248704,-10.333505,-15.300603,-6.073325,-0.553519,1,331,197
28.33,-0.00624,-0.083578,0.020353,-0.063601,0.118401,0.02589,28.322221,2.035301,-8.357816,-6.360129,11.840062,2.588963,0,331,216
0.93,-19.78422,0.098004,-0.103335,-0.222564,-0.108865,-0.129191,-18.854884,-10.333505,9.800397,-22.256369,-10.886453,-12.919124,0,331,398
15.54,-0.00336,0.071487,-0.083578,-0.164411,-0.05771,0.045672,15.53768,-8.357816,7.148702,-16.441084,-5.771016,4.567209,0,331,371
20.25,-0.70024,0.003421,0.098004,-0.048183,-0.031314,0.052308,19.54837,9.800397,0.342119,-4.818293,-3.131388,5.230799,1,331,303
6.09,-10.6095,-0.029839,0.071487,0.065342,0.117192,0.019169,-4.516443,7.148702,-2.983946,6.534228,11.719176,1.9169,0,331,270
6.35,-20.92142,-0.01518,0.003421,-0.01834,0.055731,-0.020608,-14.566998,0.342119,-1.517995,-1.833979,5.573098,-2.060817,0,331,285
3.01,-12.87548,-0.089287,-0.034702,-0.076831,-0.010676,-0.01408,-9.861761,-3.470216,-8.92872,-7.683143,-1.067619,-1.407971,0,331,211
10.65,-7.37509,-0.087139,-0.015163,0.07528,-0.035785,-0.001083,3.279465,-1.516276,-8.713893,7.528015,-3.578499,-0.108321,0,331,213
0,-36.13457,0.015987,-0.089287,-0.11091,-0.103354,-0.088205,-36.129747,-8.92872,1.598728,-11.091014,-10.335434,-8.820495,0,331,316
11.32,0,0.013251,-0.087139,-0.104315,-0.088221,0.001067,11.323396,-8.713893,1.325089,-10.431494,-8.822119,0.106697,0,331,313
6.62,-9.5119,0.038353,0.015987,-0.11527,-0.072232,0.014903,-2.890679,1.598728,3.835301,-11.527014,-7.223177,1.490294,0,331,338
12.41,-3.03468,0.071115,0.013234,0.01227,0.014318,-0.001669,9.376475,1.323368,7.111514,1.226986,1.431799,-0.166902,0,331,371
15.32,-0.00398,0.066649,0.038353,0.006622,0.053262,0.040005,15.312662,3.835301,6.664915,0.662235,5.326167,4.000549,0,331,367
15.13,-11.41353,0.147528,0.071098,-0.014596,0.069445,0.031063,3.715256,7.109792,14.752826,-1.459595,6.944493,3.10628,0,331,448
14.84,-0.00528,0.038966,0.066632,-0.003077,0.106681,0.035541,14.831061,6.663193,3.896593,-0.307662,10.668129,3.554089,0,331,339
35.97,-0.00507,-0.009838,0.147511,0.129502,0.178637,0.11193,35.966182,14.751104,-0.98379,12.950237,17.863688,11.193036,1,331,290
7.66,-19.66437,0.047782,0.038966,0.070615,0.074521,-0.072883,-12.007799,3.896593,4.778211,7.061478,7.452067,-7.288286,0,331,348
17.47,-0.00376,-0.023593,-0.009838,0.134835,0.102081,0.063074,17.463682,-0.98379,-2.359267,13.483494,10.208145,6.307375,0,331,276
12.59,-13.61061,0.012914,0.047765,0.207903,-0.025136,-0.015316,-1.023582,4.776492,1.291441,20.790346,-2.513557,-1.531635,0,331,313
16.02,-10.52874,0.027943,-0.02361,0.198505,0.039466,-0.008312,5.487471,-2.360984,2.794348,19.850513,3.946619,-0.831194,0,331,328
24.44,-0.0067,-0.026701,0.012897,0.204825,-0.002404,0.021211,24.431021,1.289724,-2.670122,20.48247,-0.240391,2.121094,0,331,273
4.16,-13.2705,-0.036006,0.027943,0.213225,0.019629,0.006714,-9.108714,2.794348,-3.600559,21.322494,1.962922,0.671394,0,331,264
3.3,-10.39235,-0.00249,-0.026718,0.139645,-0.005496,-0.033447,-7.087855,-2.671839,-0.249049,13.964499,-0.549595,-3.344725,0,331,298
8.35,-5.17872,-0.085538,-0.036023,0.105952,-0.029294,-0.002576,3.171966,-3.602276,-8.553765,10.595209,-2.929407,-0.257637,0,331,214
11.14,-4.76917,-0.11271,-0.00249,0.070472,-0.035937,8.6E-05,6.369497,-0.249049,-11.271035,7.047213,-3.593691,0.00859,0,331,187
0.56,-19.21937,-0.007512,-0.085538,-0.127,-0.088112,-0.085623,-18.660332,-8.553765,-0.751244,-12.699988,-8.811181,-8.562345,0,331,292
6.08,-6.46796,-0.069814,-0.11271,-0.081269,-0.112625,-0.02711,-0.385535,-11.271035,-6.981414,-8.126909,-11.262457,-2.711011,0,331,230
12.74,-8.44508,-0.011192,-0.007512,-0.124694,-0.093129,0.019586,4.293485,-0.751244,-1.119214,-12.46943,-9.312946,1.958579,0,331,289
0,-17.17489,0.03254,-0.069831,-0.198714,-0.096905,-0.0894,-17.174892,-6.983132,3.25396,-19.871364,-9.690532,-8.93996,0,331,333
52.33,-0.01036,-0.034749,-0.011192,-0.112289,0.008391,0.07826,52.314678,-1.119214,-3.474939,-11.228915,0.839145,7.826021,0,331,265
2.61,-14.40331,0.045637,0.032522,-0.17913,-0.056889,-0.045702,-11.793068,3.252238,4.563695,-17.912998,-5.688909,-4.570206,0,331,346
22.96,-0.01317,0.049846,-0.034749,-0.174911,0.043484,0.010958,22.949017,-3.474939,4.984598,-17.491127,4.348363,1.095768,0,331,350
10.84,-12.64551,0.013515,0.045637,-0.106885,-8.6E-05,0.034675,-1.8042,4.563695,1.351462,-10.688495,-0.0086,3.467547,0,331,314
18.77,-0.00968,-0.008768,0.049846,-0.089162,0.060809,0.015148,18.763555,4.984598,-0.87677,-8.916183,6.080913,1.514806,0,331,291
5.89,-6.03117,-0.017123,0.013497,-0.090897,0.048195,-0.001668,-0.136298,1.349742,-1.712308,-9.089655,4.819477,-0.166758,0,331,283
15.29,-4.26316,-0.02536,-0.008785,-0.012395,0.006379,-0.007117,11.0312,-0.878489,-2.535978,-1.239467,0.637904,-0.711742,0,331,275
7.47,-10.20302,0.007067,-0.017123,0.004694,-0.01879,-0.009989,-2.730615,-1.712308,0.706706,0.46944,-1.879037,-0.998918,0,331,307
13.2,-12.21481,0.054688,-0.025343,-0.030241,-0.032475,-0.015355,0.987055,-2.534259,5.468783,-3.024113,-3.24754,-1.535495,0,331,355
18.73,-0.28855,0.047729,0.007067,0.081633,-0.002923,0.022408,18.442256,0.706706,4.772936,8.163291,-0.292282,2.240825,0,331,348
12.83,-0.00444,0.036714,0.054671,0.035626,0.039324,0.032255,12.821524,5.467062,3.671363,3.562629,3.932449,3.225515,0,331,337
21.4,-0.01003,8.6E-05,0.047729,0.096847,0.070148,0.015332,21.38856,4.772936,0.00859,9.684735,7.014831,1.53317,0,331,300
14.85,-0.00781,-0.098572,0.036576,0.10714,0.068981,0.021241,14.841024,3.657608,-9.857155,10.713962,6.898062,2.124112,0,331,201
20.81,-8.93936,-0.089914,8.6E-05,0.051256,0.015418,-0.021134,11.868272,0.00859,-8.991379,5.125581,1.541764,-2.113352,0,331,210
0,-15.64365,0.010285,-0.098554,-0.04138,-0.077351,-0.077454,-15.643652,-9.855438,1.028481,-4.138008,-7.735136,-7.74544,0,331,310
12.12,-10.22755,-0.026696,-0.089931,-0.052194,-0.111028,-0.012469,1.888489,-8.993096,-2.669568,-5.219444,-11.102831,-1.246904,0,331,273
13.9,-5.34774,-0.085916,0.010302,-0.022299,-0.067178,0.022757,8.553187,1.030201,-8.591575,-2.229942,-6.717755,2.275669,0,331,214
0.01,-36.2605,-0.088161,-0.026713,-0.061764,-0.039161,-0.049458,-36.253249,-2.671287,-8.816056,-6.176369,-3.916139,-4.945831,0,331,212
3.33,-13.201,-0.034458,-0.085916,-0.082892,-0.063179,-0.036475,-9.870654,-8.591575,-3.445781,-8.28916,-6.317862,-3.647548,0,331,266
7.97,-14.94547,0.103341,-0.088161,-0.156926,-0.137575,-0.051704,-6.98019,-8.816056,10.334081,-15.692576,-13.757526,-5.170393,0,331,403
26.02,-0.00794,0.028392,-0.034458,-0.172035,-0.070921,0.017238,26.009867,-3.445781,2.839187,-17.203477,-7.092073,1.723782,0,331,328
21.11,0,-0.075778,0.103324,-0.101428,0.051583,0.086088,21.114149,10.332358,-7.577843,-10.142807,5.158345,8.608815,1,331,224
0.55,-12.91353,-0.012583,0.028409,-0.180185,0.045635,-0.057612,-12.35926,2.840909,-1.258251,-18.018476,4.563458,-5.761226,0,331,287
8.34,-5.81094,0.059756,-0.075761,-0.177233,0.010244,-0.015578,2.527055,-7.576124,5.975627,-17.723257,1.024449,-1.557793,0,331,360
14.69,-0.00464,0.042538,-0.010001,-0.094266,-0.070188,0.005578,14.689159,-1.000086,4.253804,-9.426596,-7.018752,0.557794,0,331,343
26.93,0,0.04778,0.059756,-0.027693,0.044169,0.054158,26.934025,5.975627,4.777991,-2.769332,4.416903,5.415809,0,331,348
2.92,-9.9935,0.010152,0.042521,-0.062064,0.048118,-0.011631,-7.076978,4.252081,1.015248,-6.206364,4.811835,-1.163098,0,331,310
13.08,0,-0.158474,0.04778,0.046799,0.101964,0.059418,13.081782,4.777991,-15.847375,4.679873,10.196388,5.94178,0,331,142
2.27,-11.54725,-0.212096,0.010152,0.034028,-0.00148,-0.049253,-9.277218,1.015248,-21.209639,3.402752,-0.147968,-4.925326,0,331,88
3.3,-22.50392,-0.100006,-0.158491,-0.023627,-0.09915,-0.109291,-19.203306,-15.849092,-10.000641,-2.362666,-9.915012,-10.92915,0,331,200
5.81,-38.61965,0.100765,-0.212096,-0.143716,-0.261245,-0.102935,-32.806194,-21.209639,10.076465,-14.371556,-26.124519,-10.293458,0,331,401
20.5,-8.29777,0.116245,-0.100024,-0.226682,-0.209189,0.002914,12.204718,-10.002362,11.624495,-22.668161,-20.918861,0.291397,0,331,416
15.69,0,-0.003893,0.100765,-0.068904,-0.002274,0.097848,15.690002,10.076465,-0.389286,-6.890438,-0.227366,9.784783,1,331,296
10.04,-16.25492,-0.056953,0.116245,-0.034965,0.119162,0.018362,-6.21329,11.624495,-5.695279,-3.496543,11.91623,1.83619,1,331,243
0.4,-17.80699,-0.069196,-0.00391,-0.062817,0.093951,-0.022268,-17.402012,-0.391009,-6.919574,-6.281718,9.395116,-2.22679,0,331,231
5.51,-17.51069,0.027157,-0.056953,-0.151564,-0.038601,-0.03471,-12.000545,-5.695279,2.715716,-15.156401,-3.860134,-3.470983,0,331,327
1.48,-17.46775,0.126714,-0.069213,-0.174416,-0.091448,-0.034515,-15.988652,-6.921295,12.671398,-17.44161,-9.144823,-3.45151,0,331,427
18.16,-0.00429,-0.024014,0.027157,-0.172163,-0.007562,0.061694,18.157605,2.715716,-2.401447,-17.216283,-0.756209,6.169356,0,331,276
16.32,0,-0.044864,0.126714,-0.05807,0.092155,0.064998,16.320921,12.671398,-4.486447,-5.806971,9.215515,6.499757,1,331,255
0,-22.3804,0.021987,-0.023997,-0.037722,0.037664,-0.088937,-22.380403,-2.399725,2.198696,-3.772201,3.766427,-8.893702,0,331,322
17.75,0,0.044523,-0.044864,0.10942,0.020104,0.044112,17.752037,-4.486447,4.452292,10.942034,2.010394,4.411178,0,331,345
4.4,-5.47189,0.105139,0.021987,0.084365,-0.06697,-0.022115,-1.06966,2.198696,10.513867,8.436466,-6.696961,-2.211506,0,331,405
15.82,-3.178,0.061616,0.044523,0.053157,0.088654,0.066653,12.646877,4.452292,6.161571,5.315651,8.865433,6.665271,0,331,362
12.99,-0.00435,-0.009052,0.105139,0.073262,0.083,0.03846,12.987986,10.513867,-0.905208,7.326192,8.300036,3.846032,1,331,291
4.89,-11.14576,0.047848,0.061616,0.118702,0.128309,0.023146,-6.260642,6.161571,4.784794,11.870245,12.830949,2.314648,0,331,348
0,-19.66721,0.064231,-0.009052,0.121225,0.029405,-0.032208,-19.667213,-0.905208,6.423085,12.122503,2.940476,-3.220831,0,331,364
17.45,0,-0.026793,0.047831,0.235983,0.071005,0.080082,17.448867,4.783072,-2.679304,23.598346,7.100549,8.008205,0,331,273
8.26,-13.07688,-0.012797,0.064248,0.158351,0.032002,-0.015838,-4.81527,6.424807,-1.279664,15.835084,3.200185,-1.58385,0,331,287
7.37,-5.91931,0.022121,-0.02681,0.082309,0.053268,-0.010956,1.44778,-2.681023,2.212136,8.230892,5.326756,-1.095627,0,331,322
4.3,-11.49535,-0.008807,-0.012779,0.169572,-0.028633,-0.001823,-7.198276,-1.277945,-0.880742,16.957187,-2.863312,-0.182338,0,331,291
14.14,-0.00823,-0.006552,0.022121,0.14938,0.011163,0.023928,14.132771,2.212136,-0.655239,14.937998,1.116267,2.392797,0,331,293
0,-18.5384,0.018098,-0.008825,0.138732,-0.010631,-0.032745,-18.538401,-0.882462,1.809809,13.873205,-1.063064,-3.274475,0,331,318
19.04,-0.00338,-0.039403,-0.006552,0.098251,0.017374,0.026201,19.035665,-0.655239,-3.940291,9.825114,1.737401,2.620094,0,331,261
6.94,-4.40561,-0.033025,0.018098,0.051662,-0.014653,-0.008101,2.533409,1.809809,-3.302476,5.166226,-1.465259,-0.810073,0,331,267
3.37,-13.11081,0.051583,-0.039403,-0.002822,-0.013212,-0.031305,-9.736597,-3.940291,5.158293,-0.282167,-1.321229,-3.130472,0,331,352
8.19,-6.67468,0.002409,-0.033025,0.027692,-0.041123,-0.001738,1.516973,-3.302476,0.240885,2.769224,-4.112281,-0.173778,0,331,302
16.76,-0.0054,-0.124746,0.051566,0.000911,0.020262,0.053304,16.750003,5.156572,-12.474639,0.091144,2.026207,5.330443,0,331,175
0,-14.42684,-0.09341,0.002409,-0.034107,0.000671,-0.050886,-14.422722,0.240885,-9.340954,-3.410719,0.067103,-5.088565,0,331,207
0.95,-16.82506,-0.038414,-0.124764,-0.097052,-0.071508,-0.073916,-15.873359,-12.476356,-3.841423,-9.705187,-7.150846,-7.391553,0,331,262
15.71,-13.13502,0.023508,-0.09341,-0.114737,-0.144248,-0.019508,2.57686,-9.340954,2.350769,-11.473727,-14.424766,-1.950844,0,331,324
0,-19.65241,0.094514,-0.038414,-0.157515,-0.112301,-0.018909,-19.652408,-3.841423,9.451361,-15.751533,-11.230136,-1.890948,0,331,395
24.64,-0.00968,0.052066,0.023508,-0.082439,0.003995,0.042408,24.62639,2.350769,5.206633,-8.243921,0.399467,4.240796,0,331,352
15.97,-0.00471,-0.153382,0.094496,-0.056602,0.075586,0.052066,15.964822,9.449637,-15.338152,-5.660191,7.558626,5.206633,1,331,147
18.39,-0.02555,-0.203046,0.052066,-0.048505,0.094496,-1.7E-05,18.367428,5.206633,-20.304595,-4.850511,9.449637,-0.00172,0,331,97
0.26,-23.63314,-0.057066,-0.153399,-0.170578,-0.101395,-0.153399,-23.370697,-15.33987,-5.706567,-17.057808,-10.139505,-15.33987,0,331,243
23.63,-45.3594,-0.076131,-0.203063,-0.2185,-0.203063,-0.049741,-21.730042,-20.306312,-7.613118,-21.849997,-20.306312,-4.974072,0,331,224
0.01,-57.25111,-0.214149,-0.057066,-0.278985,-0.210377,-0.007311,-57.240474,-5.706567,-21.414864,-27.898543,-21.037684,-0.731135,0,331,86
4.28,-14.75478,-0.120798,-0.076114,-0.296867,-0.125834,-0.068808,-10.472152,-7.611395,-12.079825,-29.68665,-12.583403,-6.880762,0,331,179
17.13,-39.58744,-0.034996,-0.214149,-0.368232,-0.221444,-0.145441,-22.461119,-21.414864,-3.499611,-36.823248,-22.144434,-14.544109,0,331,265
24.14,-1.91614,0.067746,-0.120798,-0.324199,-0.189523,0.024696,22.22609,-12.079825,6.774611,-32.419943,-18.952275,2.469602,0,331,368
0,-32.51047,0.123886,-0.034979,-0.364843,-0.180386,-0.079928,-32.51047,-3.497883,12.388637,-36.48428,-18.03863,-7.9928,0,331,424
24.63,-0.00311,-0.132845,0.047452,-0.280115,0.092459,0.11592,24.626595,4.745239,-13.284512,-28.011479,9.245886,11.592046,0,331,167
7.23,-13.46337,-0.077683,0.112325,-0.335605,0.043859,-0.003609,-6.235549,11.232496,-7.768282,-33.560483,4.385935,-0.360861,1,331,222
2.44,-21.07333,-0.008869,-0.132862,-0.464429,-0.017079,-0.129258,-18.636315,-13.286236,-0.886927,-46.442945,-1.707865,-12.925842,0,331,291
23.36,-0.00474,-0.008485,-0.077683,-0.260027,-0.081289,0.051642,23.356538,-7.768282,-0.848453,-26.002712,-8.128863,5.164235,0,331,292
7.78,-19.83736,-0.015873,-0.008869,-0.270727,-0.138116,-0.06048,-12.054353,-0.886927,-1.587274,-27.0727,-13.811623,-6.048039,0,331,284
16.35,-0.99629,-0.051793,-0.008485,-0.211545,0.043153,0.052027,15.356808,-0.848453,-5.179289,-21.154464,4.315343,5.202732,0,331,248
11.06,-34.85337,0.016411,-0.015873,-0.210603,-0.076344,-0.067882,-23.797732,-1.587274,1.641135,-21.060312,-7.634353,-6.788202,0,331,316
12.96,-8.02396,0.00842,-0.05181,-0.049167,0.000207,0.016065,4.940639,-5.181016,0.842049,-4.916738,0.020749,1.606548,0,331,308
9.18,-12.97244,0.002352,0.016394,-0.093782,-0.051482,0.000311,-3.789913,1.639406,0.23515,-9.378196,-5.148181,0.031123,0,331,302
6.72,-12.23689,0.044813,0.008403,-0.017321,0.024487,0.008092,-5.516632,0.84032,4.481329,-1.732065,2.448733,0.809194,0,331,345
0,-35.22808,0.020299,0.002352,-0.138836,0.002663,-0.005757,-35.228079,0.23515,2.029854,-13.883642,0.266274,-0.575726,0,331,320
62.28,-0.01353,-0.082812,0.044796,-0.084745,0.052909,0.050556,62.27019,4.479599,-8.281214,-8.47449,5.290885,5.055616,0,331,217
2,-12.8886,-0.154265,0.020299,0.014315,0.01454,-0.03026,-10.887203,2.029854,-15.426526,1.431532,1.454011,-3.025961,0,331,146
3.84,-23.52004,-0.048411,-0.082829,-0.089874,-0.032298,-0.044309,-19.677332,-8.282941,-4.841054,-8.987386,-3.229785,-4.430912,0,331,252
0.01,-56.89658,0.112571,-0.145997,-0.131114,-0.184478,-0.10175,-56.886906,-14.599709,11.257087,-13.111438,-18.447819,-10.175032,0,331,413
66.51,-1.79061,0.05186,-0.048428,-0.129785,-0.092698,0.053377,64.720713,-4.842783,5.186018,-12.978462,-9.269821,5.337681,0,331,352
54.59,-0.01092,0.063831,0.112571,-0.002836,0.010706,0.059162,54.583018,11.257087,6.383142,-0.28361,1.070601,5.916248,1,331,364
2.29,-18.66225,0.084504,0.05186,-0.026212,0.105265,-0.007298,-16.372334,5.186018,8.450368,-2.621244,10.526467,-0.729798,0,331,385
32.86,-1.10624,0.050085,0.063831,0.044592,0.123032,0.071135,31.7582,6.383142,5.008546,4.459214,12.303167,7.113459,0,331,350
12.41,-4.94427,0.002972,0.084504,0.049844,0.0772,0.013342,7.467113,8.450368,0.297224,4.98444,7.719952,1.33423,1,331,303
9.59,-7.12874,-0.004319,0.050068,0.092346,0.121256,0.036721,2.457319,5.006817,-0.431853,9.234626,12.125568,3.672098,0,331,296
0.98,-16.8307,0.026974,0.002972,0.008001,0.016315,-0.033754,-15.850499,0.297224,2.6974,0.800126,1.631493,-3.375362,0,331,327
20.04,-2.04448,-0.029816,-0.004336,0.075998,0.032401,0.029428,17.993339,-0.43358,-2.981641,7.599801,3.240086,2.942775,0,331,270
2.18,-7.79414,-0.002885,0.026974,0.117887,-0.006789,-0.002453,-5.618297,2.6974,-0.288497,11.788716,-0.678873,-0.245303,0,331,297
0.71,-17.16774,0.029445,-0.029816,0.192437,-0.000397,-0.027364,-16.456762,-2.981641,2.944515,19.243698,-0.039744,-2.736405,0,331,329
8.41,-1.84783,0.021647,-0.002885,0.163506,-0.005338,0.024468,6.565451,-0.288497,2.164656,16.35058,-0.533793,2.44685,0,331,322
13.23,-0.04611,0.033859,0.029428,0.109245,0.002073,0.004958,13.186681,2.942786,3.385886,10.924494,0.207303,0.495815,0,331,334
14.46,0,0.068553,0.021647,0.133258,0.04612,0.016705,14.461156,2.164656,6.855275,13.325846,4.612035,1.670486,0,331,369
13.26,-1.63916,0.007029,0.033876,0.079241,0.038819,0.017168,11.620745,3.387614,0.702852,7.924148,3.881869,1.716841,0,331,307
21.45,-2.60964,-0.033278,0.068553,0.1173,0.085269,0.051376,18.840167,6.855275,-3.327769,11.729976,8.526906,5.137552,0,331,267
5.02,-13.11954,-6.9E-05,0.007029,0.036172,0.024198,-0.050155,-8.104302,0.702852,-0.00691,3.617199,2.419814,-5.015526,0,331,300
24.9,-0.01348,0.027885,-0.039109,0.081008,0.018081,0.011034,24.889712,-3.910936,2.788452,8.100839,1.808073,1.103417,0,331,328
1.52,-17.0123,0.074027,-8.6E-05,0.04044,-0.050224,-0.011119,-15.494191,-0.00863,7.40274,4.044045,-5.022429,-1.111928,0,331,374
67.16,-3.23641,0.03271,0.027885,0.081919,0.038922,0.039008,63.92796,2.788452,3.270987,8.191941,3.892177,3.900814,0,331,333
16.39,-0.0048,0.070211,0.074027,0.14434,0.0629,0.039996,16.381563,7.40274,7.021103,14.433994,6.289989,3.999607,0,331,370
16.77,-11.13841,0.072577,0.0377,0.117544,0.071731,-0.002295,5.628454,3.770022,7.257664,11.754444,7.173077,-0.229493,0,331,373
22.31,-0.0047,0.00938,0.070211,0.185187,0.110235,0.07249,22.309545,7.021103,0.938019,18.518726,11.023518,7.249035,0,331,309
5.31,-22.58603,0.030917,0.072559,0.168523,0.07028,6.9E-05,-17.273391,7.255937,3.091668,16.852335,7.028005,0.0069,0,331,331
12.39,-10.67687,-0.037897,0.00938,0.160654,0.081877,0.009294,1.713376,0.938019,-3.789656,16.065426,8.187734,0.929397,0,331,262
11.54,-5.87592,-0.059642,0.030899,0.125008,0.030986,0.027346,5.662962,3.089943,-5.96423,12.500844,3.098567,2.73464,0,331,240
1.41,-11.30291,0.009279,-0.032157,0.115643,-0.028606,-0.059487,-9.896575,-3.215702,0.927938,11.564289,-2.860611,-5.948716,0,331,309
6.25,-14.37727,-0.064594,-0.059642,0.104442,-0.032312,0.008124,-8.128462,-5.96423,-6.459356,10.444179,-3.231221,0.812444,0,331,235
2.8,-6.30638,-0.138816,0.01756,0.125019,-0.050213,0.009435,-3.501834,1.755983,-13.881562,12.501945,-5.02133,0.943463,0,331,161
0.6,-15.04292,-0.047859,-0.064594,0.016882,-0.056474,-0.074004,-14.447281,-6.459356,-4.785947,1.688224,-5.647436,-7.400396,0,331,252
1.6,-7.56522,0.009205,-0.138798,-0.087932,-0.129394,-0.064842,-5.961293,-13.879839,0.920507,-8.793202,-12.939409,-6.484241,0,331,309
6.21,-7.37367,0.03564,-0.047859,-0.068677,-0.121828,0.017011,-1.165725,-4.785947,3.563983,-6.867689,-12.182801,1.701124,0,331,336
0,-15.65063,0.037732,0.009222,-0.148842,-0.055643,-0.007805,-15.65063,0.922234,3.773212,-14.884157,-5.564332,-0.780484,0,331,338
22.81,-2.50261,0.075207,0.035623,-0.105562,0.052657,0.043431,20.310481,3.562255,7.520707,-10.556155,5.265713,4.343079,0,331,375
18.03,-10.38769,0.102589,0.037732,-0.1148,0.029924,-0.005696,7.638404,3.773212,10.258919,-11.479971,2.992433,-0.56962,0,331,403
20.27,0,0.039136,0.075207,-0.061314,0.118671,0.080925,20.26664,7.520707,3.913624,-6.131435,11.867052,8.092516,0,331,339
15.53,-8.00607,0.042301,0.102606,0.028116,0.096887,0.021664,7.52547,10.260647,4.230075,2.811644,9.688715,2.166378,1,331,342
14.43,-5.79108,-0.056311,0.039136,0.037463,0.120093,0.017486,8.634911,3.913624,-5.631069,3.746254,12.009307,1.748592,0,331,244
30.27,0,-0.077361,0.042318,0.052877,0.063974,0.02481,30.274234,4.231801,-7.736058,5.287722,6.39737,2.481049,0,331,223
0.66,-13.62857,0.034537,-0.056328,0.045754,-0.038835,-0.081136,-12.970638,-5.632793,3.45369,4.575386,-3.883462,-8.113552,0,331,335
7.98,-2.5382,-0.041505,-0.077378,0.11445,-0.052569,0.003761,5.440864,-7.737781,-4.150483,11.445025,-5.256928,0.376076,0,331,258
9.95,-1.8237,-0.097401,0.034537,0.12821,-0.046627,0.030775,8.122025,3.45369,-9.740114,12.821011,-4.662664,3.077498,0,331,203
0,-12.77213,-0.053395,-0.041505,0.06367,-0.037746,-0.072258,-12.772133,-4.150483,-5.339537,6.366971,-3.774563,-7.225757,0,331,247
0,-6.96006,0.020369,-0.097401,-0.004937,-0.066656,-0.025179,-6.960058,-9.740114,2.036923,-0.49367,-6.665613,-2.5179,0,331,320
0.01,-13.65112,0.062575,-0.053413,-0.027464,-0.125614,-0.028241,-13.645889,-5.341262,6.257537,-2.746415,-12.561436,-2.824073,0,331,363
8.38,-1.71256,-0.056798,0.020369,-0.059731,-0.004815,0.048624,6.662913,2.036923,-5.679786,-5.973063,-0.48149,4.862369,0,331,243
10.04,-0.97589,-0.102225,0.062575,-0.067426,0.034317,0.013928,9.062687,6.257537,-10.222535,-6.7426,3.431697,1.392764,0,331,198
0,-19.84051,-0.057987,-0.056815,-0.155587,-0.008202,-0.070733,-19.836225,-5.681511,-5.798712,-15.558715,-0.820179,-7.07329,0,331,242
10.47,-6.97091,-0.112262,-0.102225,-0.211828,-0.088312,-0.031515,3.496908,-10.222535,-11.226239,-21.1828,-8.831195,-3.151474,0,331,188
6.52,-12.30919,-0.027784,-0.057987,-0.157245,-0.128679,-0.026481,-5.790797,-5.798712,-2.778362,-15.724469,-12.867901,-2.648073,0,331,272
0.76,-20.45367,0.076384,-0.112262,-0.246666,-0.143742,-0.085804,-19.695973,-11.226239,7.63841,-24.666564,-14.374175,-8.580439,0,331,376
28.05,-0.00459,0.053923,-0.027784,-0.219446,-0.054257,0.058053,28.043272,-2.778362,5.39235,-21.944574,-5.425699,5.805329,0,331,354
9.79,-11.9592,0.021185,0.076367,-0.129036,-0.009486,0.018303,-2.16431,7.636679,2.118529,-12.903591,-0.948583,1.830288,0,331,321
14.11,-2.12973,-0.00342,0.053923,-0.068306,0.112008,0.035631,11.980918,5.39235,-0.342022,-6.830596,11.200809,3.563138,0,331,297
0,-16.50414,0.010746,0.021203,-0.054494,0.039492,-0.014441,-16.504144,2.120257,1.074589,-5.449444,3.949205,-1.444094,0,331,311
5.82,-14.64478,-0.024063,-0.003437,-0.092092,0.03221,0.012284,-8.824007,-0.34375,-2.406331,-9.209157,3.220994,1.228364,0,331,276
8.65,-4.51014,-0.079238,0.012024,-0.106263,-0.003697,-0.000259,4.141488,1.202449,-7.92381,-10.626329,-0.36966,-0.025912,0,331,221
0.01,-15.45544,-0.058022,-0.024063,-0.059351,-0.011783,-0.023804,-15.448908,-2.406331,-5.802156,-5.935132,-1.178262,-2.380425,0,331,242
2.04,-16.27892,0.045018,-0.079238,-0.083277,-0.079497,-0.055464,-14.241349,-7.92381,4.501845,-8.327696,-7.949701,-5.546431,0,331,345
4.64,-7.62748,0.072647,-0.058039,-0.059386,-0.081812,-0.002576,-2.991813,-5.803883,7.264685,-5.938576,-8.1812,-0.257594,0,331,373
17.03,0,0.085175,0.045018,0.074032,-0.010471,0.047613,17.033795,4.501845,8.517515,7.403221,-1.047083,4.761291,0,331,385
19.37,0,0.171845,0.072664,0.041013,0.070069,0.025039,19.368959,7.266415,17.184523,4.101297,7.006904,2.503932,0,331,472
24.96,0,0.05544,0.085175,0.082858,0.132829,0.060138,24.96161,8.517515,5.544018,8.285766,13.282862,6.013807,1,331,355
148.24,-68.10321,-0.03282,0.171863,0.158902,0.196928,0.111657,80.137603,17.186254,-3.281999,15.890218,19.692758,11.165732,1,331,267
0.76,-16.57442,-0.014996,0.05544,0.118396,0.115612,-0.056137,-15.817192,5.544018,-1.499559,11.839633,11.561159,-5.61372,0,331,285
19.18,0,-0.088762,-0.032803,0.129472,0.078801,0.023348,19.178853,-3.280275,-8.876211,12.947199,7.880068,2.334756,0,331,211
0.48,-35.59819,0.008129,-0.014996,0.091348,-0.071124,-0.038334,-35.114514,-1.499559,0.812886,9.134752,-7.112437,-3.833419,0,331,308
0,-13.41326,0.080984,-0.088762,0.064657,-0.065435,-0.050465,-13.413262,-8.876211,8.098429,6.465653,-6.543528,-5.046451,0,331,381
14.5,-5.13804,0.007524,0.008112,0.178864,-0.030208,0.058606,9.361371,0.81116,0.752419,17.886363,-3.020845,5.860569,0,331,308
20.86,-0.00662,-0.014907,0.080984,0.203868,0.030479,0.022365,20.857932,8.098429,-1.490699,20.386764,3.047891,2.236549,1,331,285
0.01,-20.44252,-0.013287,0.007524,0.141319,0.066134,-0.014838,-20.434129,0.752419,-1.328714,14.131921,6.613429,-1.483798,0,331,287
0,-8.49142,0.049042,-0.014907,0.116199,0.007455,-5.2E-05,-8.491415,-1.490699,4.904166,11.619898,0.745516,-0.00518,0,331,349
7.26,-11.13852,0.182058,-0.01327,0.042802,-0.028123,-0.013218,-3.878276,-1.326989,18.205801,4.280169,-2.812315,-1.321813,0,331,482
10.52,-0.0024,0.113972,0.049042,-0.006536,0.04899,0.062268,10.521615,4.904166,11.397201,-0.653641,4.898987,6.226802,0,331,414
22.33,0,-0.0492,0.182058,0.169404,0.168816,0.123946,22.330479,18.205801,-4.920019,16.940352,16.881582,12.394634,1,331,251
0.01,-8.10651,-0.041743,0.118203,0.140277,0.176311,-0.005737,-8.101413,11.820266,-4.174331,14.027692,17.631099,-0.573658,1,331,258
1.11,-10.94733,0.040745,-0.0492,0.135119,0.074685,-0.043466,-9.837645,-4.920019,4.074457,13.511855,7.468518,-4.34661,0,331,341
3.85,-7.29264,-0.017528,-0.041743,0.187404,-0.047477,0.005498,-3.43781,-4.174331,-1.752814,18.740351,-4.747749,0.549831,0,331,282
10.18,0,-0.031924,0.044521,0.167793,-0.002739,0.03902,10.183095,4.452081,-3.192426,16.779297,-0.273924,3.902035,0,331,268
0,-9.33384,-0.008171,-0.017528,0.088786,-0.012031,-0.05694,-9.333841,-1.752814,-0.817089,8.878633,-1.203079,-5.693968,0,331,292
11.23,0,-0.032865,-0.032338,0.128299,0.007084,0.028461,11.232635,-3.23376,-3.286508,12.829858,0.708364,2.84613,0,331,267
10.32,-9.21849,-0.014257,-0.004327,0.095529,-0.065106,-0.032779,1.105055,-0.432694,-1.425712,9.552943,-6.510592,-3.277891,0,331,286
4.1,-3.08717,-0.032152,-0.032865,0.108676,-0.004413,-8.6E-05,1.008801,-3.286508,-3.215182,10.867564,-0.441314,-0.00862,0,331,268
0.01,-10.46465,-0.021259,-0.014257,0.036428,-0.047031,-0.014154,-10.456095,-1.425712,-2.125942,3.642843,-4.703136,-1.41537,0,331,279
2.2,-7.025,0.032179,-0.032135,-0.105377,-0.032238,-0.015311,-4.821195,-3.213459,3.217941,-10.537729,-3.223799,-1.531133,0,331,332
6.93,-1.78812,0.03901,-0.018587,-0.10292,-0.03541,-0.003294,5.14085,-1.85874,3.900976,-10.291974,-3.541011,-0.329382,0,331,339
10.18,0,-0.035307,0.032162,-0.02027,0.016863,0.035474,10.180755,3.216216,-3.530666,-2.026964,1.686315,3.54744,0,331,265
13.52,-1.41984,-0.04708,0.039027,-0.022216,0.035715,0.003551,12.100361,3.902701,-4.707962,-2.221609,3.571466,0.355135,0,331,253
2.24,-10.70652,0.034629,-0.035307,-0.100458,0.000155,-0.0407,-8.469644,-3.530666,3.462931,-10.045848,0.015521,-4.070045,0,331,335
3.46,-3.83283,0.141547,-0.048923,-0.047924,-0.04353,-0.008226,-0.37356,-4.892329,14.154686,-4.792393,-4.352994,-0.822618,0,331,442
13.57,-2.02866,0.089388,0.034629,-0.033537,-0.006085,0.042842,11.545434,3.462931,8.938784,-3.35372,-0.608524,4.284176,0,331,389
20.53,-0.00317,-0.004874,0.14153,0.097886,0.133309,0.098628,20.530446,14.152959,-0.487403,9.788627,13.330903,9.862831,1,331,295
5.52,-10.27534,0.004306,0.089371,0.088732,0.132268,-0.014311,-4.751602,8.937059,0.430608,8.873215,13.22679,-1.431135,1,331,304
8.21,-1.35126,0.00763,-0.009937,0.109955,0.093749,0.004254,6.858447,-0.9937,0.763003,10.995535,9.374947,0.42544,0,331,308
6.54,-0.04981,0.106683,0.004186,0.1252,-0.010006,-6.9E-05,6.487238,0.41855,10.668274,12.519961,-1.000589,-0.00689,0,331,407
7.21,-8.96788,0.112857,0.00763,0.136224,0.011885,0.007699,-1.756166,0.763003,11.285731,13.622376,1.188476,0.769893,0,331,413
51.58,-0.00589,-0.040312,0.106683,0.19979,0.106614,0.098959,51.573783,10.668274,-4.03118,19.97895,10.661377,9.895895,1,331,260
25.53,-12.39621,-0.06427,0.11284,0.208277,0.120565,0.013867,13.128877,11.284007,-6.426974,20.827738,12.056493,1.38674,1,331,236
30.04,-129.49727,-0.024682,-0.040312,0.194773,0.058607,-0.054172,-99.453906,-4.03118,-2.468222,19.47726,5.860726,-5.417168,0,331,275
3.42,-5.32523,-0.049937,-0.06427,0.192874,-0.050411,-0.007539,-1.909261,-6.426974,-4.993748,19.287416,-5.041126,-0.753911,0,331,250
2.74,-6.05625,-0.015254,-0.022118,0.135349,-0.078841,-0.01415,-3.316287,-2.211817,-1.525373,13.534886,-7.884053,-1.414987,0,331,285
2.03,-12.80916,-0.026867,-0.049507,-0.003754,-0.057473,-0.03538,-10.782702,-4.950735,-2.686708,-0.375436,-5.747283,-3.537969,0,331,273
14.73,-1.02049,-0.057098,-0.015271,0.030556,-0.029401,0.019789,13.710406,-1.527094,-5.709827,3.055588,-2.940144,1.978857,0,331,243
0.14,-11.22863,-0.043412,-0.027194,-0.020685,-0.062237,-0.046887,-11.084466,-2.719421,-4.341233,-2.068548,-6.223726,-4.688744,0,331,257
2.64,-6.10293,-0.054374,-0.057012,-0.030744,-0.037321,-0.01013,-3.466611,-5.701223,-5.437428,-3.074406,-3.7321,-1.012954,0,331,246
3.05,-10.63965,-0.029523,-0.043412,-0.071731,-0.090279,-0.028929,-7.584932,-4.341233,-2.952286,-7.17306,-9.027941,-2.892851,0,331,270
2.89,-6.33349,-0.024789,-0.050018,-0.19158,-0.064498,-0.013668,-3.443812,-5.001756,-2.478858,-19.157998,-6.449831,-1.366805,0,331,275
2.48,-9.58168,-0.027049,-0.022096,-0.213831,-0.058443,-0.008429,-7.10257,-2.209639,-2.704907,-21.383107,-5.844284,-0.84295,0,331,273
0.07,-8.16672,0.029209,-0.024789,-0.17352,-0.038453,-0.016154,-8.097725,-2.478858,2.920881,-17.352009,-3.845324,-1.615362,0,331,329
1.35,-4.42773,0.115968,-0.026842,-0.176237,-0.035476,-0.01069,-3.081329,-2.684225,11.596825,-17.623651,-3.547628,-1.069035,0,331,416
9.64,0,0.0307,0.029209,-0.122288,0.01305,0.039886,9.638817,2.920881,3.069994,-12.228803,1.305047,3.988617,0,331,331
26.05,-5.62979,-0.077751,0.115951,-0.011298,0.105265,0.076017,20.415953,11.595099,-7.775083,-1.129791,10.52655,7.601723,1,331,222
0,-23.33261,-0.03231,0.030683,-0.07628,0.070598,-0.0453,-23.332607,3.068269,-3.231034,-7.628033,7.059835,-4.530011,0,331,268
0.68,-16.33539,0.048852,-0.077751,-0.061863,-0.001793,-0.040337,-15.654753,-7.775083,4.885186,-6.186256,-0.17927,-4.033736,0,331,349
8.96,0,0.077173,-0.040182,-0.047226,-0.077596,0.000155,8.959673,-4.018228,7.717341,-4.722636,-7.759581,0.015514,0,331,377
14.39,-0.00414,0.01256,0.048852,0.037816,0.008495,0.048679,14.381676,4.885186,1.25602,3.781551,0.84948,4.86794,0,331,313
17.22,-5.70843,-0.0489,0.077156,0.079968,0.077329,0.028446,11.512129,7.715616,-4.890024,7.996816,7.732867,2.844567,0,331,251
7.32,-4.50292,-0.02715,0.012543,0.0727,0.061246,-0.014434,2.819746,1.254297,-2.715006,7.26999,6.124572,-1.443431,0,331,273
0,-10.17727,-0.015113,-0.047437,0.055831,-0.020468,-0.032697,-10.177274,-4.743685,-1.511324,5.583123,-2.046848,-3.269732,0,331,285
4.55,-3.55653,0.022643,-0.02684,0.072375,-0.04158,0.008462,0.992619,-2.684006,2.264268,7.237452,-4.158045,0.846157,0,331,323
0.91,-4.08283,0.08616,-0.012511,0.01148,-0.047806,-0.016698,-3.177172,-1.25114,8.616021,1.148015,-4.780562,-1.66984,0,331,386
10.04,0,0.069222,0.026917,-0.020893,0.031106,0.043571,10.038499,2.691734,6.9222,-2.089317,3.110617,4.35713,0,331,369
5.85,-0.03577,0.017548,0.086108,0.059067,0.069447,0.042226,5.812023,8.610846,1.754784,5.906726,6.944742,4.222564,1,331,318
5.78,-3.44468,-0.0021,0.068929,0.126163,0.112823,0.026692,2.331111,6.892892,-0.210036,12.616329,11.282346,2.669201,0,331,298
0,-3.91931,0.089893,0.017548,0.116837,0.059781,-0.009159,-3.919306,1.754784,8.989325,11.683745,5.97809,-0.915894,0,331,390
5.56,-4.50126,0.147889,-0.002118,0.075154,0.024591,0.006284,1.055852,-0.211757,14.788903,7.515446,2.459109,0.628439,0,331,448
18.07,0,0.014656,0.089135,0.131046,0.080726,0.082949,18.066287,8.9135,1.465625,13.104559,8.072608,8.294879,1,331,315
13.81,-1.69992,-0.012102,0.147992,0.210896,0.154183,0.064973,12.106415,14.799249,-1.210246,21.089599,15.418272,6.497257,1,331,288
3.92,-11.35318,0.025387,0.014639,0.195857,0.097617,-0.050284,-7.432699,1.463904,2.538668,19.585683,9.761719,-5.028367,0,331,325
7.9,-3.37854,-0.128845,-0.012085,0.229952,0.052862,0.0382,4.523847,-1.208527,-12.884491,22.995197,5.286225,3.820041,0,331,171
0.01,-16.08233,-0.056779,0.025369,0.233782,-0.02491,-0.012809,-16.07372,2.536947,-5.677882,23.378206,-2.490976,-1.280884,0,331,243
1.04,-20.74868,-0.034465,-0.128828,0.07358,-0.090694,-0.116017,-19.706325,-12.882774,-3.446494,7.358046,-9.069372,-11.601658,0,331,266
12.71,-0.00276,-0.10545,-0.056762,0.090684,-0.06958,0.059324,12.706924,-5.676163,-10.544975,9.068395,-6.958039,5.932377,0,331,195
0,-9.71369,-0.01748,-0.034465,-0.029835,-0.150442,-0.093733,-9.713691,-3.446494,-1.747951,-2.983542,-15.044154,-9.373311,0,331,283
15.99,-3.40813,0.037512,-0.10545,-0.033161,-0.046189,-0.011745,12.579653,-10.544975,3.751216,-3.316091,-4.618853,-1.174485,0,331,338
5.05,-1.78607,0.101881,-0.017497,-0.04509,-0.111196,-0.005735,3.26327,-1.749673,10.188116,-4.508985,-11.119624,-0.573533,0,331,402
9.87,-1.30828,0.029337,0.037529,-0.084738,0.025763,0.04325,8.556844,3.752938,2.933735,-8.473786,2.57629,4.324997,0,331,329
15.22,0,-0.055096,0.101864,-0.091095,0.09614,0.058606,15.22248,10.186392,-5.509576,-9.10951,9.613998,5.860584,1,331,245
25.39,-9.68243,0.028726,0.029355,-0.070071,0.0726,-0.023316,15.706254,2.935457,2.872633,-7.007135,7.26,-2.331642,0,331,329
2.75,-10.47546,-0.060188,-0.04918,-0.134054,0.003478,-0.025869,-7.725709,-4.917958,-6.018769,-13.405443,0.347778,-2.586919,0,331,240
11.74,-1.08052,-0.106131,0.028726,-0.066701,0.005403,0.054592,10.657224,2.872633,-10.61313,-6.670051,0.540321,5.459243,0,331,194
0,-22.16153,-0.040327,-0.060205,-0.065418,-0.086041,-0.114735,-22.15821,-6.020489,-4.03273,-6.541798,-8.604131,-11.473468,0,331,260
15.01,-0.00256,-0.082095,-0.106131,-0.116065,-0.051597,0.008596,15.009428,-10.61313,-8.209455,-11.606527,-5.159682,0.859603,0,331,218
0.01,-8.38954,-0.045772,-0.040345,-0.071296,-0.155016,-0.048936,-8.380681,-4.034452,-4.577211,-7.129572,-15.501571,-4.893635,0,331,254
1.37,-7.14065,0.001569,-0.082095,-0.092695,-0.073506,-0.033174,-5.766493,-8.209455,0.156877,-9.269534,-7.350557,-3.317444,0,331,302
3.48,-7.61594,0.012603,-0.045772,-0.099573,-0.094686,-0.012602,-4.13437,-4.577211,1.260344,-9.95731,-9.468606,-1.260185,0,331,313
